{
  "name": "sw-toolbox",
  "main": "sw-toolbox.js",
  "moduleType": [
    "globals"
  ],
  "license": "Apache-2.0",
  "ignore": [
    "**/.*",
    "lib",
    "tests",
    "gulpfile.js"
  ],
  "homepage": "https://github.com/GoogleChrome/sw-toolbox",
  "version": "3.2.1",
  "_release": "3.2.1",
  "_resolution": {
    "type": "version",
    "tag": "v3.2.1",
    "commit": "2a979f3b20a15264e162636bf998e9c45b8f9e39"
  },
  "_source": "https://github.com/GoogleChrome/sw-toolbox.git",
  "_target": "^3.2.1",
  "_originalSource": "sw-toolbox",
  "_direct": true
}